Date,Open,High,Low,Close,Adj Close,Volume
02-01-2015,2457,2476.399902,2432,2451.75,2253.987793,164726
05-01-2015,2452,2481.199951,2450,2460.699951,2262.216309,118873
06-01-2015,2454.300049,2469.899902,2430,2441.5,2244.564941,580496
07-01-2015,2442,2475.600098,2432.050049,2447.199951,2249.805176,189191
08-01-2015,2447.649902,2465,2436.100098,2450.399902,2252.746826,4301348
09-01-2015,2455,2468.899902,2350,2375.850098,2184.210205,245974
12-01-2015,2385,2396,2323.100098,2334,2145.735596,203022
13-01-2015,2340,2355.149902,2313.800049,2324.100098,2136.634521,161658
14-01-2015,2318.300049,2369.899902,2318.300049,2363.449951,2172.810547,217775
15-01-2015,2380.100098,2437.350098,2357.75,2417.949951,2222.914307,726566
16-01-2015,2420,2442,2393.800049,2420.149902,2224.936768,270014
19-01-2015,2420.100098,2420.100098,2399.5,2403.899902,2209.997803,368777
20-01-2015,2407,2417.600098,2375.25,2404.25,2210.31958,197434
21-01-2015,2420,2456.5,2399.449951,2446.649902,2249.299316,201858
22-01-2015,2455.25,2491.25,2438.100098,2444.300049,2247.13916,748394
23-01-2015,2470.899902,2474,2420,2441.5,2244.564941,356732
27-01-2015,2428.199951,2439.949951,2387.25,2419.850098,2224.661377,507659
28-01-2015,2414.399902,2414.399902,2383.300049,2398.800049,2205.309082,963742
29-01-2015,2396.699951,2416.800049,2376.300049,2404.699951,2210.733398,391136
30-01-2015,2406.449951,2416.199951,2374.199951,2391.699951,2198.781738,261718
02-02-2015,2390,2421.25,2325,2349.300049,2159.802002,444651
03-02-2015,2350.050049,2368,2256.5,2260.75,2078.394775,727453
04-02-2015,2281.800049,2281.800049,2230.350098,2245.300049,2064.190674,399841
05-02-2015,2253,2270,2240.050049,2245.300049,2064.190674,272367
06-02-2015,2240.050049,2257.800049,2020.900024,2223.300049,2043.965088,296601
09-02-2015,2210,2274.75,2195.050049,2269.149902,2086.116699,274052
10-02-2015,2241.100098,2278.600098,2238,2267.949951,2085.013672,258202
11-02-2015,2268,2294,2253.899902,2280.600098,2096.643555,212912
12-02-2015,2285,2314.899902,2257.800049,2262.449951,2079.957275,638711
13-02-2015,2272.350098,2283.699951,2250,2260.800049,2078.44043,543888
16-02-2015,2263.199951,2280.850098,2253.300049,2261.850098,2079.405762,1062376
18-02-2015,2263.199951,2264,2230.050049,2240.300049,2059.593994,318828
19-02-2015,2242.649902,2242.649902,2200,2212.550049,2034.082397,924708
20-02-2015,2230,2240,2200.699951,2206.800049,2028.796143,506875
23-02-2015,2215,2222.600098,2171.050049,2181.149902,2005.215088,427575
24-02-2015,2182,2204,2173.300049,2191.449951,2014.684204,280197
25-02-2015,2200.100098,2203,2173,2179.949951,2004.111816,407474
26-02-2015,2181,2186.25,2128,2134.850098,1962.64978,735318
27-02-2015,2140.100098,2161.850098,2108.300049,2150.5,1977.037354,424147
28-02-2015,0,0,0,0,0,0
02-03-2015,2168,2209.350098,2053,2074.25,1906.937866,789363
03-03-2015,2067,2123.800049,2058.100098,2117.5,1946.699341,325920
04-03-2015,2117.550049,2139,2110.050049,2122.100098,1950.928345,421933
05-03-2015,2124,2139.600098,2105.600098,2118.649902,1947.756348,237799
09-03-2015,2110,2149.550049,2091.75,2109.850098,1939.666504,334555
10-03-2015,2120,2156,2111.300049,2129.25,1957.501343,401075
11-03-2015,2140,2149,2088,2098.300049,1929.047852,338536
12-03-2015,2105,2113,2067,2072.75,1905.558716,475656
13-03-2015,2079,2084.899902,2011,2023.099976,1859.913574,828945
16-03-2015,2010,2059,2010,2025.5,1862.120117,371543
17-03-2015,2040,2057,2027.699951,2047.199951,1882.06958,256565
18-03-2015,2050.100098,2054.600098,2026,2031.25,1867.40625,634025
19-03-2015,2040.099976,2047,2020.849976,2025.349976,1861.982178,500745
20-03-2015,2035,2035,2007.25,2017.849976,1855.087036,579513
23-03-2015,2011.800049,2041.800049,2010.050049,2031.75,1867.865967,420806
24-03-2015,2034,2040.900024,2020,2028,1864.418579,1002496
25-03-2015,2032,2035,2008.150024,2016.849976,1854.167847,722561
26-03-2015,2019,2032.5,1990,2004.300049,1842.630127,1046160
27-03-2015,2009,2022,1980,2016.900024,1854.213623,439910
30-03-2015,2030,2043.699951,1998.300049,2028,1864.418579,235638
31-03-2015,2035,2035,2004.900024,2016.599976,1853.937866,263684
01-04-2015,2027.050049,2035,2002.949951,2019.800049,1856.879883,208545
06-04-2015,2030,2047.199951,1993.650024,2036.400024,1872.140869,281023
07-04-2015,2039.949951,2098,2026.900024,2094.550049,1925.600464,374689
08-04-2015,2091.350098,2128,2082,2099.5,1930.151001,243842
09-04-2015,2101.149902,2107,2078.300049,2098.550049,1929.277832,219282
10-04-2015,2106,2106,2077.550049,2098.75,1929.461426,156593
13-04-2015,2115,2115,2080,2095.300049,1926.290039,250008
15-04-2015,2101,2115.300049,2060,2075,1907.627197,190435
16-04-2015,2067.5,2094.600098,2050,2088.050049,1919.624634,252040
17-04-2015,2063.649902,2080,2040,2065.300049,1898.709717,178998
20-04-2015,2065,2083.050049,2000.599976,2022.050049,1858.948486,257106
21-04-2015,2025.699951,2055.300049,1980,1988.449951,1828.058472,260092
22-04-2015,1995.099976,2025,1943,1983.699951,1823.69165,326374
23-04-2015,1992,2017.599976,1973.400024,1991.050049,1830.448853,145385
24-04-2015,1990.5,2007.949951,1961,1998.849976,1837.619629,269572
27-04-2015,2006,2009.949951,1970.050049,1984.449951,1824.381226,228380
28-04-2015,1985,2000,1943.75,1990.150024,1829.62146,217394
29-04-2015,1990.199951,2002.699951,1971,1978.650024,1819.049072,152835
30-04-2015,1977.800049,1977.800049,1912.5,1948.650024,1791.468994,1262699
04-05-2015,1958.800049,2098.699951,1932.949951,2087.899902,1919.486694,610067
05-05-2015,2087.899902,2087.899902,2029.25,2061.649902,1895.354004,291839
06-05-2015,2056.899902,2056.899902,2016.150024,2020.300049,1857.3396,649622
07-05-2015,2010,2089.899902,2006.949951,2067.850098,1901.054077,433821
08-05-2015,2078.149902,2148.100098,2049.800049,2123.050049,1951.801758,338090
11-05-2015,2131,2193.25,2131,2182.399902,2006.364258,312569
12-05-2015,2182.399902,2185,2125,2128.899902,1957.179443,267754
13-05-2015,2145,2172,2092.350098,2125.899902,1954.421753,287030
14-05-2015,2126,2179,2107.199951,2165.850098,1991.149292,424064
15-05-2015,2165,2192,2152,2186.5,2010.133545,175574
18-05-2015,2192,2227.899902,2176.75,2220.699951,2041.574829,275731
19-05-2015,2220,2243.75,2195.25,2202.600098,2024.934937,212926
20-05-2015,2210,2223,2136,2151.350098,1977.818848,399901
21-05-2015,2144.100098,2314,2123.300049,2300.300049,2114.75415,2610990
22-05-2015,2290,2340.899902,2255,2307.449951,2121.327393,920884
25-05-2015,2300,2323.949951,2280.699951,2298.850098,2113.421143,414481
26-05-2015,2310,2330,2285.100098,2321.300049,2134.060303,275643
27-05-2015,2303.449951,2336.75,2303.449951,2312.399902,2125.87793,504244
28-05-2015,2312.25,2335,2275,2302.949951,2117.19043,418946
29-05-2015,2313.25,2331,2286.050049,2316.100098,2129.279785,549255
01-06-2015,2318.550049,2351,2306.300049,2337.75,2149.18335,284450
02-06-2015,2342,2347.050049,2262.149902,2270.699951,2087.541748,516279
03-06-2015,2251,2290.850098,2229.25,2240,2059.318115,231100
04-06-2015,2244.800049,2261,2190.550049,2218,2039.092773,193842
05-06-2015,2203.699951,2236,2191.350098,2198.5,2021.165771,187374
08-06-2015,2200,2240.5,2200,2224.199951,2044.792358,372632
09-06-2015,2218.699951,2232.5,2177.399902,2190.699951,2013.994629,296262
10-06-2015,2182,2266.25,2179,2253.149902,2071.407471,409711
11-06-2015,2266,2277.399902,2207,2213.550049,2035.001587,350425
12-06-2015,2220,2297,2201.399902,2286.300049,2101.883301,575268
15-06-2015,2286.300049,2339.149902,2261.600098,2332.350098,2144.218994,501630
16-06-2015,2329,2403.149902,2314.199951,2391.100098,2198.230225,457467
17-06-2015,2395,2408.5,2362,2372,2180.670898,366641
18-06-2015,2370,2412.399902,2369.100098,2396,2202.734863,308116
19-06-2015,2409.949951,2425,2390.199951,2407.75,2213.537109,327523
22-06-2015,2405.050049,2436.449951,2397.199951,2425.050049,2229.441895,244573
23-06-2015,2425.050049,2438,2402.300049,2414.300049,2219.559082,291949
24-06-2015,2414.949951,2414.949951,2388.600098,2392.600098,2199.609131,263531
25-06-2015,2400,2530,2390,2504.300049,2302.299316,927513
26-06-2015,2494,2554,2471,2544.800049,2339.532471,662174
29-06-2015,2500,2574.050049,2480.449951,2558.850098,2352.449219,579466
30-06-2015,2552.449951,2584,2531.100098,2541.949951,2336.912354,629086
01-07-2015,2541.949951,2555,2516,2526.25,2322.478516,251469
02-07-2015,2550,2586.199951,2528,2566.199951,2359.206543,338991
03-07-2015,2580,2609,2575,2588,2379.247803,346267
06-07-2015,2572,2602.949951,2569.5,2595.350098,2386.005371,254273
07-07-2015,2602,2612.899902,2585,2603.699951,2393.681396,184985
08-07-2015,2589.050049,2608,2560,2571.449951,2364.032715,184524
09-07-2015,2545,2558,2500.149902,2511.25,2354.469727,239855
10-07-2015,2519.899902,2523.399902,2453.649902,2466.800049,2312.794678,332514
13-07-2015,2480,2507.949951,2439.600098,2496.850098,2340.96875,295109
14-07-2015,2500,2521,2485.550049,2498.699951,2342.703125,341879
15-07-2015,2490,2540,2490,2532.25,2374.158691,350064
16-07-2015,2540,2561,2537.800049,2545.850098,2386.909424,224838
17-07-2015,2555,2567.600098,2485,2529.449951,2371.533203,259098
20-07-2015,2533,2550.199951,2512.649902,2520.949951,2363.563721,131942
21-07-2015,2508,2572.949951,2508,2542.949951,2384.190674,226485
22-07-2015,2548,2628,2548,2618.899902,2455.398926,493192
23-07-2015,2630,2656,2480,2489.050049,2333.655762,1651767
24-07-2015,2492.899902,2518.800049,2477.149902,2497.350098,2341.4375,399738
27-07-2015,2494,2529,2460.75,2509,2352.360107,405369
28-07-2015,2517,2524.899902,2471.300049,2482,2327.045898,248738
29-07-2015,2484.600098,2514.75,2471.899902,2497.850098,2341.90625,220012
30-07-2015,2500,2534,2500,2527.25,2369.470703,332527
31-07-2015,2533,2555.600098,2514.25,2525.300049,2367.642822,245751
03-08-2015,2525,2564.600098,2487.300049,2504.899902,2348.516113,294753
04-08-2015,2524.899902,2524.899902,2477.149902,2511.899902,2355.079102,276076
05-08-2015,2506,2586.850098,2506,2576.649902,2415.786621,577916
06-08-2015,2576,2608,2560.949951,2578.350098,2417.380615,369433
07-08-2015,2578.350098,2582,2528.5,2537.399902,2378.986816,191394
10-08-2015,2544.949951,2573.649902,2541.699951,2554.600098,2395.113281,226672
11-08-2015,2560,2567,2525.199951,2539.899902,2381.330811,184804
12-08-2015,2535,2546.800049,2451.399902,2462.199951,2308.481934,243929
13-08-2015,2470,2510,2422,2486.850098,2331.593262,195819
14-08-2015,2495,2572.800049,2475.75,2558.600098,2398.863525,255379
17-08-2015,2569,2570,2529.949951,2535.350098,2377.065186,157272
18-08-2015,2540,2569,2520,2526.800049,2369.048828,154551
19-08-2015,2519,2555,2496.649902,2543.050049,2384.284424,176926
20-08-2015,2505.050049,2546.25,2481.600098,2491.800049,2336.234131,209161
21-08-2015,2475.050049,2508.600098,2385,2406.199951,2255.978027,604347
24-08-2015,2339.699951,2355.699951,2169,2191.550049,2054.729004,524739
25-08-2015,2217.5,2245.899902,2142.850098,2198.199951,2060.963623,622800
26-08-2015,2194.449951,2270,2133.649902,2244.649902,2104.513672,436233
27-08-2015,2270,2270.100098,2176.199951,2187.75,2051.16626,777058
28-08-2015,2214.949951,2293.850098,2202.050049,2279.550049,2137.235107,568948
31-08-2015,2261,2270,2221.100098,2232.699951,2093.309814,459532
01-09-2015,2212.850098,2258.899902,2211.050049,2249.899902,2109.436035,570898
02-09-2015,2245,2282.449951,2192.5,2203.5,2065.932861,396461
03-09-2015,2218.149902,2264.899902,2212.5,2248.399902,2108.029785,324122
04-09-2015,2235.100098,2235.100098,2183.399902,2211,2072.9646,288883
07-09-2015,2225,2225,2177.199951,2192.100098,2055.244629,201054
08-09-2015,2196.100098,2219,2175.550049,2205.649902,2067.948486,264656
09-09-2015,2220.199951,2280,2220.199951,2270,2128.28125,218609
10-09-2015,2240,2319.899902,2214.649902,2302.699951,2158.939453,280684
11-09-2015,2327,2334.199951,2273,2325.800049,2180.597656,311139
14-09-2015,2345,2345,2296.050049,2314.350098,2169.862305,155057
15-09-2015,2315,2315,2281.100098,2296.399902,2153.032715,188695
16-09-2015,2305.100098,2369,2298.600098,2350.149902,2203.427246,340725
18-09-2015,2375,2378.550049,2273,2297.5,2154.064453,406288
21-09-2015,2275,2309.899902,2260.350098,2302.600098,2158.845947,165733
22-09-2015,2332.899902,2333,2240.350098,2259.149902,2118.108643,241130
23-09-2015,2242,2256.100098,2210.149902,2239.25,2099.450928,344990
24-09-2015,2248,2293.899902,2237,2282.949951,2140.422852,403540
28-09-2015,2300,2310,2262.449951,2274.399902,2132.406494,177328
29-09-2015,2258,2293.199951,2205,2250.649902,2110.13916,265626
30-09-2015,2266,2322.449951,2251.699951,2312.100098,2167.75293,306730
01-10-2015,2311,2327.350098,2284.100098,2315.100098,2170.56543,182986
05-10-2015,2325,2405,2311.649902,2388.75,2239.617432,226860
06-10-2015,2395,2398.800049,2342.149902,2376.75,2228.366699,214337
07-10-2015,2371.100098,2465,2354.050049,2451.800049,2298.731201,297092
08-10-2015,2479.899902,2479.899902,2406.149902,2430.899902,2279.135986,215467
09-10-2015,2448,2486,2438.800049,2449.600098,2296.668701,226253
12-10-2015,2450.5,2458.949951,2405.699951,2422.25,2271.026123,109815
13-10-2015,2430,2478.75,2425,2462.100098,2308.388184,240921
14-10-2015,2456.300049,2478.800049,2431.050049,2438.949951,2286.683594,110664
15-10-2015,2450,2460,2440.399902,2450.649902,2297.652832,132541
16-10-2015,2456.75,2487.75,2436.050049,2461.5,2307.825439,187013
19-10-2015,2461.5,2480.25,2430.100098,2465.399902,2311.482178,202855
20-10-2015,2470,2475,2400,2439.050049,2286.777344,243441
21-10-2015,2444,2538.100098,2435,2519.050049,2361.782715,1213789
23-10-2015,2532.850098,2564.199951,2506.050049,2515.649902,2358.594727,497453
26-10-2015,2530,2581.899902,2530,2575.600098,2414.80249,521901
27-10-2015,2566.050049,2595,2555.050049,2582.149902,2420.943115,380147
28-10-2015,2580.100098,2585,2558.300049,2570.399902,2409.926758,317563
29-10-2015,2572,2600,2562.649902,2577.300049,2416.395996,395616
30-10-2015,2575.100098,2583,2539.949951,2550.449951,2391.222412,167715
02-11-2015,2542,2575,2392,2432.649902,2280.776611,535525
03-11-2015,2444.949951,2450.149902,2411.100098,2424.550049,2273.182617,192324
04-11-2015,2435,2474,2435,2449.050049,2296.152832,261171
05-11-2015,2449.949951,2468.25,2405.300049,2414.300049,2263.57251,201885
06-11-2015,2411.100098,2448.850098,2411.100098,2429.449951,2277.776611,178321
09-11-2015,2394.800049,2430,2382.550049,2409.100098,2258.697266,157878
10-11-2015,2401,2475,2381.649902,2457.449951,2304.02832,273391
13-11-2015,2440,2470,2367.050049,2380.449951,2231.835693,255389
16-11-2015,2374,2408.850098,2344.149902,2372.600098,2224.476074,285955
17-11-2015,2384,2417.800049,2355,2365.300049,2217.631592,254396
18-11-2015,2369,2384.25,2336.5,2342.899902,2196.629639,245945
19-11-2015,2361,2442.100098,2361,2428.25,2276.651611,289124
20-11-2015,2427.949951,2510,2425.25,2476.649902,2322.029785,378408
23-11-2015,2481,2529,2481,2522.75,2365.251709,545369
24-11-2015,2515,2544.899902,2471,2476.800049,2322.17041,325768
26-11-2015,2494.800049,2522.800049,2405,2448.149902,2295.308838,393155
27-11-2015,2433.050049,2462.800049,2425.100098,2447.850098,2295.027832,170413
30-11-2015,2458,2515,2452,2479.25,2324.467529,565457
01-12-2015,2490,2500,2460,2464.649902,2310.778809,153290
02-12-2015,2470,2515,2426.350098,2500.600098,2344.484619,401153
03-12-2015,2499,2506.949951,2473.75,2480.199951,2325.358154,246228
04-12-2015,2455.199951,2489.449951,2455.199951,2472.550049,2318.185791,187184
07-12-2015,2471.050049,2485,2442.100098,2449.75,2296.809082,187375
08-12-2015,2440.5,2484,2430,2462.649902,2308.903809,186909
09-12-2015,2463,2471.600098,2383.25,2389.300049,2240.133057,206433
10-12-2015,2391.600098,2451.949951,2391.600098,2443.25,2290.714844,194126
11-12-2015,2454.699951,2454.699951,2404.949951,2416.25,2265.400635,189746
14-12-2015,2412,2428,2375.100098,2409.199951,2258.790527,184395
15-12-2015,2409.100098,2445.050049,2391,2437.300049,2285.136475,166399
16-12-2015,2462,2464,2430,2452.699951,2299.574951,153649
17-12-2015,2460,2541.699951,2455.600098,2531.100098,2373.080566,275504
18-12-2015,2490.25,2503,2460,2469.550049,2315.373291,452519
21-12-2015,2489,2507,2472.850098,2489.5,2334.077637,176689
22-12-2015,2489.949951,2499.5,2470,2476.25,2321.654785,167772
23-12-2015,2494.899902,2502.949951,2468.199951,2473.399902,2318.982666,252059
24-12-2015,2496.899902,2496.899902,2467.649902,2482.899902,2327.889404,100232
28-12-2015,2483,2499,2483,2492.550049,2336.937256,151653
29-12-2015,2496,2535.949951,2496,2530.449951,2372.471191,215967
30-12-2015,2540,2545,2510,2514.050049,2357.095215,207046
31-12-2015,2515,2546.100098,2504,2532,2373.924316,243382
01-01-2016,2530.100098,2530.100098,2511,2518,2360.798584,70853
04-01-2016,2490,2547.600098,2475.449951,2483.350098,2328.311523,190056
05-01-2016,2500,2523.350098,2491.449951,2502.350098,2346.125488,192154
06-01-2016,2492.199951,2514.149902,2473.5,2485.5,2330.327393,222912
07-01-2016,2475,2485,2406.850098,2419.25,2268.213379,221180
08-01-2016,2432.5,2443.899902,2360,2375.850098,2227.522949,206203
11-01-2016,2359.899902,2372.75,2329.899902,2360.5,2213.131104,159001
12-01-2016,2361.5,2377.449951,2337.149902,2344.350098,2197.989502,199864
13-01-2016,2355,2387.899902,2332.199951,2369.699951,2221.756836,246183
14-01-2016,2349,2374.649902,2323.100098,2362.449951,2214.959473,205015
15-01-2016,2369.949951,2369.949951,2313,2322.149902,2177.175537,334940
18-01-2016,2310,2335.100098,2236.800049,2249.899902,2109.436035,329495
19-01-2016,2259.949951,2291,2234.399902,2266.300049,2124.812256,153092
20-01-2016,2240.5,2284.899902,2230,2278.350098,2136.110107,176561
21-01-2016,2280.050049,2299.899902,2256.050049,2272.949951,2131.047119,190801
22-01-2016,2279,2329.300049,2274.149902,2318.850098,2174.081543,161259
25-01-2016,2323.300049,2348,2315,2327.300049,2182.003906,214198
27-01-2016,2333,2333,2285.050049,2302.850098,2159.080566,256991
28-01-2016,2301,2310.600098,2255.699951,2263.399902,2122.093018,172772
29-01-2016,2270,2359.899902,2263.550049,2341.949951,2195.739014,234367
01-02-2016,2360,2361.949951,2310.100098,2327.899902,2182.566162,155264
02-02-2016,2310,2384.399902,2300,2364.100098,2216.506592,281676
03-02-2016,2345,2395,2335,2347.649902,2201.083252,179941
04-02-2016,2370,2389.850098,2295,2310.649902,2166.393311,1147152
05-02-2016,2318.399902,2378.949951,2303.149902,2366.350098,2218.615967,261889
08-02-2016,2366.300049,2388.800049,2348,2355.050049,2208.021484,80466
09-02-2016,2344,2390,2337.899902,2376.600098,2228.226318,166296
10-02-2016,2363.949951,2387.899902,2342,2368.149902,2220.303467,194080
11-02-2016,2376.699951,2386.949951,2289.050049,2329.899902,2184.441162,310125
12-02-2016,2310,2328.800049,2251,2304.399902,2160.533447,326424
15-02-2016,2326,2372.300049,2305,2342.100098,2195.880127,308865
16-02-2016,2365,2368.699951,2328.550049,2329.850098,2184.394775,293481
17-02-2016,2329.5,2369,2263.800049,2357.449951,2210.271484,248046
18-02-2016,2370.050049,2417.649902,2364.100098,2406.399902,2256.165527,318053
19-02-2016,2410,2467,2406.149902,2455.800049,2302.481445,310736
22-02-2016,2459,2485,2451.25,2476.75,2322.123535,199748
23-02-2016,2480,2480,2386.75,2396.449951,2246.83667,220555
24-02-2016,2386.75,2408,2330.350098,2337.399902,2191.473389,297923
25-02-2016,2338,2352.850098,2292.199951,2322,2177.034912,530719
26-02-2016,2331.199951,2351.899902,2221.850098,2238.100098,2098.372803,524806
29-02-2016,2240,2268,2171.949951,2201.199951,2063.776367,660576
01-03-2016,2205.100098,2267,2205.100098,2258.199951,2117.217773,481942
02-03-2016,2279.949951,2318,2212.399902,2230.300049,2091.059814,809509
03-03-2016,2250,2286.199951,2241,2280.100098,2137.750732,557055
04-03-2016,2289.800049,2324.100098,2262.600098,2306.25,2162.267822,339975
08-03-2016,2308,2339,2295.100098,2326.25,2181.019287,203818
09-03-2016,2322.350098,2335,2300,2316.800049,2172.159424,295112
10-03-2016,2344.699951,2344.699951,2304.600098,2324.600098,2179.472412,139845
11-03-2016,2332.949951,2347,2310.100098,2325.899902,2180.691162,122688
14-03-2016,2333,2333,2302.199951,2316.600098,2171.971924,214060
15-03-2016,2308,2328,2268.100098,2278.449951,2136.203613,379744
16-03-2016,2245.600098,2259.649902,2213,2250,2156.861816,364016
17-03-2016,2256.550049,2283.300049,2250.149902,2269.899902,2175.937988,379252
18-03-2016,2271,2308,2268.350098,2303.350098,2208.003418,284447
21-03-2016,2307.899902,2320,2289.399902,2314.199951,2218.404053,179791
22-03-2016,2302,2322.800049,2297.699951,2310.800049,2215.14502,394338
23-03-2016,2314.899902,2364,2304.899902,2356.399902,2258.856934,258677
28-03-2016,2375.5,2375.5,2332.75,2357.350098,2259.768066,210492
29-03-2016,2356.899902,2374,2332,2351.949951,2254.591309,143428
30-03-2016,2364,2440,2363,2422.449951,2322.172852,379072
31-03-2016,2418,2457,2398.600098,2405.949951,2306.356201,487678
01-04-2016,2410,2427.399902,2378,2419.850098,2319.680908,238387
04-04-2016,2430,2477.699951,2427.199951,2448.25,2346.905273,188472
05-04-2016,2449.899902,2470,2386.300049,2394.850098,2295.715576,189320
06-04-2016,2397.899902,2425,2386.5,2395.199951,2296.051025,110752
07-04-2016,2387,2395.199951,2354.300049,2378.449951,2279.994385,140705
08-04-2016,2369.949951,2404.850098,2350.5,2389.449951,2290.539307,214592
11-04-2016,2397.949951,2439,2373,2433.850098,2333.101318,134590
12-04-2016,2433.850098,2468.050049,2433.75,2459.699951,2357.881104,171855
13-04-2016,2474.699951,2614.5,2473,2582.5,2475.5979,474377
18-04-2016,2605,2609.899902,2531,2544.449951,2439.123047,238512
20-04-2016,2546.699951,2572.399902,2512.300049,2532.800049,2427.955322,215577
21-04-2016,2532,2548,2485,2496.449951,2393.110107,177164
22-04-2016,2489.649902,2554,2479,2522.149902,2417.74585,223129
25-04-2016,2512.75,2559.899902,2512.75,2543.75,2438.451904,251692
26-04-2016,2541,2559.5,2506.550049,2548.100098,2442.621826,280095
27-04-2016,2551.25,2583.149902,2537.25,2548.25,2442.765381,204441
28-04-2016,2536.050049,2568.600098,2481,2487.5,2384.530273,285060
29-04-2016,2487,2500.75,2462.850098,2491.949951,2388.796143,176707
02-05-2016,2484,2525,2450.100098,2477.949951,2375.375732,185691
03-05-2016,2475,2498.899902,2450.100098,2462.850098,2360.900635,334288
04-05-2016,2454.5,2480.550049,2451,2460.300049,2358.456543,132511
05-05-2016,2463,2488.300049,2446.350098,2453.300049,2351.74585,127867
06-05-2016,2446.550049,2453.75,2430.100098,2435.199951,2334.395264,118418
09-05-2016,2435,2537,2431.050049,2527.149902,2422.539063,180905
10-05-2016,2529.800049,2540,2500,2530.050049,2425.319092,159486
11-05-2016,2500,2554.800049,2496.449951,2517.25,2413.048828,191358
12-05-2016,2512.300049,2558,2512.300049,2549.050049,2443.532471,166196
13-05-2016,2540.600098,2545,2508.5,2517.699951,2413.480225,168060
16-05-2016,2520.100098,2526.199951,2455,2512.100098,2408.112305,163404
17-05-2016,2525,2535,2496.25,2506.550049,2402.791748,164096
18-05-2016,2488,2501.949951,2455,2461.699951,2359.79834,293238
19-05-2016,2468,2471.600098,2422.5,2435.449951,2334.63501,226925
20-05-2016,2437,2461.550049,2427,2453,2351.458496,137638
23-05-2016,2461,2464,2408.600098,2421.800049,2321.550049,270512
24-05-2016,2421,2421,2364.350098,2379.399902,2280.905273,208394
25-05-2016,2404.850098,2504.949951,2376.449951,2475.300049,2372.835205,1132838
26-05-2016,2494,2517.75,2475,2505.149902,2401.449707,581544
27-05-2016,2505,2581.949951,2487,2563.699951,2457.576172,326701
30-05-2016,2583,2614.949951,2570.600098,2607.149902,2499.227295,281067
31-05-2016,2605,2642,2603,2618.350098,2509.963867,447826
01-06-2016,2635,2635,2600,2603.800049,2496.016357,163603
02-06-2016,2585.050049,2602.050049,2556.600098,2594.949951,2487.532715,219851
03-06-2016,2595.600098,2659.149902,2595,2639.199951,2529.950684,293506
06-06-2016,2641.800049,2650,2619.100098,2630,2521.131592,200798
07-06-2016,2649.850098,2658,2625.199951,2640.75,2531.436523,238210
08-06-2016,2640.75,2655.75,2624,2632.350098,2523.384277,235110
09-06-2016,2634.300049,2635.350098,2577.100098,2592.350098,2485.040039,226078
10-06-2016,2590,2623.600098,2565,2579.949951,2473.15332,134463
13-06-2016,2566,2594.699951,2554,2583.75,2476.796143,122703
14-06-2016,2585.050049,2586.050049,2550,2560.75,2454.748291,164026
15-06-2016,2570.5,2610.100098,2565.149902,2603.550049,2495.776611,220412
16-06-2016,2582,2589.550049,2550,2567.100098,2460.835449,223474
17-06-2016,2573,2589,2555.600098,2581.399902,2474.543457,137960
20-06-2016,2550,2624.449951,2550,2617.899902,2509.532227,150107
21-06-2016,2620,2653.800049,2612.25,2636.25,2527.123047,255537
22-06-2016,2636.25,2639.550049,2613.5,2632.149902,2523.192627,142146
23-06-2016,2630,2666,2601,2652,2542.220947,276005
24-06-2016,2600,2684.75,2554.850098,2678.800049,2567.911377,341530
27-06-2016,2690,2703,2643.600098,2648.449951,2538.817871,274105
28-06-2016,2662,2669.699951,2615,2624.399902,2515.763184,277647
29-06-2016,2647.800049,2650,2632,2645.850098,2536.325684,329314
30-06-2016,2658,2700,2655,2689.949951,2578.600098,457899
01-07-2016,2697.5,2719.949951,2665.050049,2671.25,2560.673828,307070
04-07-2016,2680,2690,2645,2652.800049,2542.987793,185737
05-07-2016,2645,2648.949951,2602.649902,2612.149902,2504.020508,209086
07-07-2016,2608.5,2625,2590,2610.550049,2502.486816,205355
08-07-2016,2620,2635,2600,2604.600098,2496.783203,147732
11-07-2016,2626,2658,2626,2649.050049,2539.393066,180070
12-07-2016,2657,2675,2635.100098,2651.800049,2542.029297,193652
13-07-2016,2660,2668,2630.199951,2657.100098,2547.109863,147655
14-07-2016,2643,2674,2641,2665.100098,2559.595459,134930
15-07-2016,2668.5,2700,2667.399902,2695.600098,2588.887939,207722
18-07-2016,2714.449951,2763,2706,2755.350098,2646.272461,362174
19-07-2016,2760.100098,2764,2745,2758.850098,2649.634033,343673
20-07-2016,2761.75,2793,2746.25,2779.350098,2669.322266,380227
21-07-2016,2787.100098,2801.850098,2762,2770.600098,2660.918701,239917
22-07-2016,2765.199951,2767.199951,2715.5,2720.600098,2612.898193,214012
25-07-2016,2720,2754.100098,2680,2700.850098,2593.929932,300696
26-07-2016,2705,2715.800049,2660.199951,2673.949951,2568.094971,291824
27-07-2016,2675,2727.050049,2621.199951,2670.149902,2564.445313,1179297
28-07-2016,2671.699951,2711.75,2653,2660.5,2555.177246,473920
29-07-2016,2660,2724.199951,2660,2700.800049,2593.88208,321171
01-08-2016,2710.100098,2780,2710.100098,2736.149902,2627.832275,458487
02-08-2016,2749.899902,2780,2726.199951,2747.649902,2638.877197,285707
03-08-2016,2743.100098,2758.5,2705,2714.850098,2607.375732,180584
04-08-2016,2738,2774.899902,2724,2744,2635.371826,251834
05-08-2016,2754.300049,2881,2750,2862.100098,2748.796631,419350
08-08-2016,2872.100098,2918.050049,2860.149902,2871.449951,2757.776367,242032
09-08-2016,2871.899902,2893.75,2833.800049,2866.800049,2753.310547,225096
10-08-2016,2862.199951,2902,2845.149902,2856,2742.937988,203530
11-08-2016,2860,2888.800049,2825,2846.350098,2733.669922,152651
12-08-2016,2846,2904,2840,2868.699951,2755.13501,179931
16-08-2016,2872.25,2897.300049,2840,2883.050049,2768.917236,196703
17-08-2016,2892.399902,2951.800049,2883.050049,2939.649902,2823.276367,289452
18-08-2016,2933,2958.25,2925,2946.100098,2829.471191,139176
19-08-2016,2946.100098,2948.949951,2920.5,2933.199951,2817.081543,92809
22-08-2016,2933,2950,2908.050049,2924.899902,2809.110352,167024
23-08-2016,2923.899902,2923.899902,2868,2878.800049,2764.835449,164538
24-08-2016,2885,2900.75,2851,2869.699951,2756.095703,189493
25-08-2016,2894,2903.949951,2849.050049,2862.399902,2749.084473,196374
26-08-2016,2877.399902,2877.399902,2845.050049,2858.25,2745.099121,172603
29-08-2016,2867.800049,2904,2809.050049,2887.850098,2773.527344,129976
30-08-2016,2897.050049,3010,2897.050049,2978.899902,2860.972412,421580
31-08-2016,2982,3037.75,2969.899902,2978.5,2860.588379,345001
01-09-2016,2978.5,3018.300049,2955.350098,2999,2880.276855,193060
02-09-2016,2970.050049,3015,2924.300049,2998.050049,2879.364746,350046
06-09-2016,2996,3035.449951,2990,3004.800049,2885.847412,214998
07-09-2016,3020,3020,2980,2985.800049,2867.599609,159864
08-09-2016,2980,3120,2980,3088.699951,2966.425781,406556
09-09-2016,3091.899902,3107.199951,3017.25,3036.449951,2916.244385,233241
12-09-2016,2970,2977.699951,2926,2954.899902,2837.922607,161009
14-09-2016,2964,2994.449951,2939.550049,2971.550049,2853.913818,257712
15-09-2016,2971,2978,2925.149902,2931.75,2815.689209,232030
16-09-2016,2932.899902,3031,2932.899902,2981.600098,2863.565918,349528
19-09-2016,2984.850098,3012.300049,2940,2945.850098,2829.231201,192976
20-09-2016,2923.800049,2956,2875,2886.949951,2772.662842,315212
21-09-2016,2889,2966.5,2857.050049,2902.649902,2787.741211,472910
22-09-2016,2936,2972.949951,2916.649902,2926.75,2810.887207,271251
23-09-2016,2926,2954.199951,2912.600098,2929.649902,2813.672119,334216
26-09-2016,2924,2933,2878,2891.600098,2777.128662,287196
27-09-2016,2918,2927.800049,2870,2875.800049,2761.954346,176614
28-09-2016,2879,2925,2871.550049,2913.899902,2798.545898,302892
29-09-2016,2941,2953.949951,2835.199951,2846.399902,2733.717773,480296
30-09-2016,2857.949951,2857.949951,2816.800049,2827.600098,2715.662354,229858
03-10-2016,2830,2908.350098,2830,2880.899902,2766.852051,281923
04-10-2016,2903,2917,2876.050049,2894.199951,2779.625732,260010
05-10-2016,2900,2910,2845.800049,2857.949951,2744.810547,188728
06-10-2016,2869.050049,2869.050049,2811.199951,2823.050049,2711.292236,176396
07-10-2016,2827.050049,2900,2785,2883.5,2769.349365,325112
10-10-2016,2892,2906.75,2856.100098,2876.399902,2762.530273,121601
13-10-2016,2865.100098,2880.399902,2815.050049,2825.25,2713.405273,185672
14-10-2016,2838,2849,2792.399902,2798.300049,2687.522217,181609
17-10-2016,2805,2834.899902,2743.649902,2753.850098,2644.832031,194876
18-10-2016,2756.25,2810,2755.550049,2792.649902,2682.095703,198776
19-10-2016,2801.300049,2820,2768.850098,2787.949951,2677.581787,305702
20-10-2016,2797.25,2824.600098,2790,2796.550049,2685.841553,151814
21-10-2016,2810,2815,2782,2802.350098,2691.411865,142333
24-10-2016,2808.5,2814.600098,2785.100098,2790,2679.550781,148446
25-10-2016,2797,2811.5,2786,2801.550049,2690.643555,207170
26-10-2016,2795,2845,2790.050049,2823.949951,2712.156738,157120
27-10-2016,2824.899902,2833.899902,2751.300049,2761.5,2652.178955,214627
28-10-2016,2764,2857.5,2762,2848.100098,2735.35083,777805
01-11-2016,2830.399902,2864,2819.600098,2825.600098,2713.741455,337967
02-11-2016,2818.699951,2829.899902,2770,2818.800049,2707.210693,297340
03-11-2016,2810,2852.949951,2790,2829.850098,2717.823242,354196
04-11-2016,2829.899902,2850,2805.5,2814.300049,2702.888672,223620
07-11-2016,2830,2849.899902,2781,2824.100098,2712.301025,286013
08-11-2016,2834,2875.25,2819.25,2865,2751.581787,278172
09-11-2016,2746,2823.949951,2658.100098,2778.550049,2668.553955,605617
10-11-2016,2790,2846.800049,2710.600098,2726.600098,2618.660645,294318
11-11-2016,2709.100098,2768,2633,2647.600098,2542.788086,277559
15-11-2016,2632,2659,2510.350098,2576.100098,2474.118652,410208
16-11-2016,2601,2662.949951,2570.199951,2605.649902,2502.498535,493925
17-11-2016,2590,2665,2522,2549.800049,2448.859619,331352
18-11-2016,2556,2579.949951,2545,2574.800049,2472.870117,176488
21-11-2016,2575,2584.899902,2510,2524.399902,2424.465088,271829
22-11-2016,2540,2614.800049,2514.850098,2599.5,2496.592041,301790
23-11-2016,2639.699951,2639.699951,2571,2600.350098,2497.408447,253894
24-11-2016,2591,2658,2550,2630.899902,2526.749023,609817
25-11-2016,2620,2646,2603.149902,2613.050049,2509.605957,238138
28-11-2016,2619.949951,2665,2612,2637,2532.607666,245346
29-11-2016,2640.800049,2687,2635.050049,2664.149902,2558.682861,254430
30-11-2016,2690,2690.050049,2664,2685.149902,2578.851563,480765
01-12-2016,2684,2718,2667.350098,2694.899902,2588.215332,252658
02-12-2016,2674.5,2715,2653.050049,2701.350098,2594.410156,220351
05-12-2016,2692,2765.5,2689.050049,2740.75,2632.250488,238386
06-12-2016,2745.300049,2754.75,2725,2733.300049,2625.095215,204792
07-12-2016,2736.300049,2740.899902,2686.300049,2699.050049,2592.201416,182325
08-12-2016,2715,2789.25,2715,2778.600098,2668.602051,193573
09-12-2016,2781.550049,2786.350098,2716.100098,2720.149902,2612.46582,182787
12-12-2016,2715,2716.300049,2646.149902,2655.149902,2550.039063,350356
13-12-2016,2655,2665.899902,2640,2659.149902,2553.880859,243253
14-12-2016,2669,2669.300049,2631.600098,2648.5,2543.652344,165794
15-12-2016,2668,2699.050049,2628.850098,2670.649902,2564.925537,247366
16-12-2016,2681,2681,2649,2659.5,2554.217041,181030
19-12-2016,2649,2658,2633,2642.100098,2537.505859,152159
20-12-2016,2644.850098,2662.300049,2575.5,2585.949951,2483.578613,205165
21-12-2016,2600.100098,2632,2579,2585.25,2482.90625,140989
22-12-2016,2586,2590,2551,2564.149902,2462.641602,137600
23-12-2016,2565.100098,2633.25,2553.800049,2618.800049,2515.128174,197018
26-12-2016,2617.699951,2650,2577.699951,2600.699951,2497.744629,121218
27-12-2016,2595,2643.699951,2570,2633.800049,2529.534424,169834
28-12-2016,2634,2654.25,2623.399902,2633.149902,2528.909912,275831
29-12-2016,2625.199951,2666.800049,2610.75,2651.449951,2546.485596,190486
30-12-2016,2652.100098,2666,2627,2632.199951,2527.997559,130704
02-01-2017,2642.699951,2654.300049,2552,2598.5,2495.631836,323342
03-01-2017,2594,2632.199951,2561.449951,2619.199951,2515.512207,420196
04-01-2017,2625.199951,2698.550049,2615.949951,2684.100098,2577.843018,343922
05-01-2017,2694,2730,2685,2723.350098,2615.539307,188686
06-01-2017,2721,2739.899902,2696.699951,2707.350098,2600.172607,159484
09-01-2017,2717,2746,2708,2723.149902,2615.347168,116789
10-01-2017,2728.25,2747.300049,2712,2740.75,2632.250488,154097
11-01-2017,2746.5,2748.5,2703.550049,2718.550049,2610.929199,225842
12-01-2017,2715,2743.449951,2707.649902,2737.149902,2628.792969,243299
13-01-2017,2732,2753.75,2691.199951,2708.550049,2601.325195,247719
16-01-2017,2703,2730,2686.649902,2721.649902,2613.906494,116324
17-01-2017,2711,2742,2700,2728.899902,2620.869385,139584
18-01-2017,2743,2743,2687.350098,2699.699951,2592.825439,161391
19-01-2017,2698.899902,2712,2681.5,2695.300049,2588.599609,235309
20-01-2017,2689,2720,2682,2701.050049,2594.12207,204961
23-01-2017,2695.5,2715,2685,2706.5,2599.356201,147551
24-01-2017,2712,2810,2701.649902,2798.949951,2688.146484,270474
25-01-2017,2815,2866,2772.75,2849.649902,2736.839355,451576
27-01-2017,2840,2885.199951,2830,2854.100098,2741.113281,194917
30-01-2017,2850.050049,2852,2808.699951,2825.050049,2713.213135,280860
31-01-2017,2821.100098,2919,2789.300049,2833.449951,2721.280518,902056
01-02-2017,2838.300049,2872,2812,2854.149902,2741.161133,369867
02-02-2017,2852,2858.899902,2801.100098,2807.449951,2696.309814,253057
03-02-2017,2792.149902,2815.399902,2789,2808.100098,2696.934326,236258
06-02-2017,2815.350098,2825,2784.100098,2799.399902,2688.578369,316141
07-02-2017,2802,2809.699951,2755,2769.800049,2660.150391,321618
08-02-2017,2772.199951,2788,2760.100098,2781.899902,2671.77124,282631
09-02-2017,2797.399902,2810,2751.100098,2784.300049,2674.076416,213997
10-02-2017,2795,2812.800049,2773.649902,2800.800049,2689.92334,165244
13-02-2017,2815,2817,2785,2806.5,2695.397705,116262
14-02-2017,2806.850098,2810.899902,2755.149902,2778.100098,2668.12207,287490
15-02-2017,2779.600098,2802.300049,2765.050049,2789.600098,2679.166748,265709
16-02-2017,2799,2799,2765,2783.649902,2673.452148,235740
17-02-2017,2773,2792,2751,2778.899902,2668.890137,437855
20-02-2017,2784.399902,2821.449951,2764.399902,2791.5,2680.991455,155317
21-02-2017,2792,2806,2774.199951,2799.25,2688.43457,100217
22-02-2017,2793.5,2808.5,2777.050049,2799.75,2688.914795,422928
23-02-2017,2805,2824.449951,2786,2814.100098,2702.696777,605474
27-02-2017,2810,2845,2783.550049,2795.050049,2684.400879,318398
28-02-2017,2788,2804.25,2751,2755.899902,2646.800537,280728
01-03-2017,2756,2795,2752.050049,2769,2659.38208,283157
02-03-2017,2805.5,2844.800049,2791.550049,2832.050049,2719.936279,705809
03-03-2017,2835,2839,2807,2832.800049,2720.656494,186815
06-03-2017,2844.899902,2896,2842.699951,2883.100098,2768.965332,400007
07-03-2017,2885.399902,2893,2870.5,2879.449951,2765.459717,194245
08-03-2017,2880.399902,2882.899902,2851.100098,2869.949951,2756.335693,174051
09-03-2017,2860,2884.949951,2852,2870.699951,2757.055908,156617
10-03-2017,2876.800049,2889.899902,2853.25,2864.550049,2751.149658,114745
14-03-2017,2902,2910,2854.050049,2866.699951,2753.214355,309456
15-03-2017,2869.699951,2890,2856.050049,2873.100098,2759.361084,221254
16-03-2017,2881.300049,2944.899902,2862.5,2936.399902,2820.155029,431866
17-03-2017,2945.899902,2948.699951,2890.149902,2912.5,2797.201172,296053
20-03-2017,2916.149902,2932.5,2905.149902,2923.550049,2807.813965,190575
21-03-2017,2926.600098,2930.149902,2890.100098,2906.850098,2791.774902,214599
22-03-2017,2890.25,2904.100098,2845.149902,2853.800049,2740.825195,376780
23-03-2017,2848.25,2875,2848.25,2865.949951,2752.493896,364883
24-03-2017,2880,2880,2835.050049,2843,2730.452637,218228
27-03-2017,2845.699951,2853,2795.100098,2808.399902,2697.222168,242914
28-03-2017,2820,2838.699951,2810.050049,2824.850098,2713.02124,97374
29-03-2017,2827.800049,2850,2796.550049,2831.100098,2719.023682,507170
30-03-2017,2840.050049,2847,2815,2822.850098,2711.100342,369748
31-03-2017,2822.5,2832.699951,2800,2805.449951,2694.388916,227360
03-04-2017,2808.399902,2837.5,2775,2783.600098,2673.404297,247337
05-04-2017,2786.5,2798.949951,2754.75,2760.850098,2651.554932,407700
06-04-2017,2787.850098,2815,2781.050049,2806.300049,2695.205566,373610
07-04-2017,2808,2845.949951,2795.399902,2830.449951,2718.399414,413979
10-04-2017,2855,2857.449951,2822,2837,2724.690186,128113
11-04-2017,2816.149902,2834.75,2804.050049,2822.449951,2710.716064,266234
12-04-2017,2820,2849.5,2807,2839.5,2727.091064,324376
13-04-2017,2844.449951,2868.5,2840,2848.149902,2735.398682,372385
17-04-2017,2844.899902,2858.75,2823.550049,2852.149902,2739.240234,145680
18-04-2017,2849,2862.699951,2800,2824.399902,2712.588867,272356
19-04-2017,2820.199951,2831,2788.050049,2808.699951,2697.510254,142477
20-04-2017,2805,2848.449951,2799.949951,2831.5,2719.407715,127818
21-04-2017,2827.149902,2843.199951,2814.399902,2824.300049,2712.49292,169580
24-04-2017,2827.25,2871.199951,2810.149902,2867.75,2754.2229,172269
25-04-2017,2876,2900,2851.550049,2896.800049,2782.122803,272704
26-04-2017,2915,2915,2858.75,2885.449951,2771.222168,165523
27-04-2017,2870.149902,2914.949951,2852,2866.050049,2752.590088,312224
28-04-2017,2865,2902,2854.100098,2864,2750.621338,136681
02-05-2017,2873.600098,2920,2873.600098,2898,2783.275146,154197
03-05-2017,2909.600098,2943.899902,2901.550049,2933.25,2817.129883,176248
04-05-2017,2947.600098,2947.600098,2919,2942.550049,2826.061768,183545
05-05-2017,2939.850098,2939.850098,2882,2887.649902,2773.334961,146931
08-05-2017,2899.949951,2908.399902,2851,2856.949951,2743.850342,140340
09-05-2017,2864.25,2887.300049,2835,2873.149902,2759.408936,274565
10-05-2017,2880,2908.949951,2858.100098,2904.800049,2789.806152,150174
11-05-2017,2905.300049,3005.449951,2897.050049,2998.449951,2879.748779,416000
12-05-2017,3005,3018.449951,2970,3004.800049,2885.847412,414871
15-05-2017,3005,3022.850098,2985.100098,2999.699951,2880.948975,106401
16-05-2017,2992.199951,3029,2967.100098,3024,2904.287354,159021
17-05-2017,3001.25,3047.5,3001.25,3039.699951,2919.365723,303412
18-05-2017,3018,3033,2962.050049,2973.100098,2855.402344,513008
19-05-2017,2973.350098,3019,2946.100098,2972.649902,2854.969971,246957
22-05-2017,2987.699951,3003.949951,2900.5,2914.149902,2798.785889,209411
23-05-2017,2928,2928,2812,2824.949951,2713.117188,482580
24-05-2017,2815,2866.350098,2750,2764.300049,2654.868164,307723
25-05-2017,2764,2833.75,2760.899902,2822.800049,2711.052246,389540
26-05-2017,2820,2835,2797.050049,2814.100098,2702.696777,237938
29-05-2017,2813,2850.899902,2787.75,2837.949951,2725.602539,155372
30-05-2017,2837,2863.949951,2822,2851.399902,2738.52002,98514
31-05-2017,2850,2866,2835,2845.949951,2733.285645,430019
01-06-2017,2848,2888.25,2828.300049,2839.350098,2726.947266,246574
02-06-2017,2804,2870,2772.850098,2852.850098,2739.912842,381642
05-06-2017,2850,2930.449951,2850,2898.399902,2783.65918,297406
06-06-2017,2900,2920,2863,2873.550049,2759.793213,136966
07-06-2017,2852,2897.550049,2852,2876,2762.14624,131500
08-06-2017,2872.199951,2895,2863.199951,2868.149902,2754.606934,142325
09-06-2017,2872,2879,2832.550049,2865.800049,2752.350098,178737
12-06-2017,2855.149902,2866.399902,2818.449951,2824.600098,2712.78125,365323
13-06-2017,2825,2857,2821.699951,2834.899902,2722.67334,146666
14-06-2017,2800,2838.949951,2800,2825.149902,2713.309082,157837
15-06-2017,2819,2848.199951,2808.550049,2814.399902,2702.984619,131874
16-06-2017,2815,2829.699951,2801.399902,2809.800049,2698.566895,209497
19-06-2017,2855,2894,2815,2827.75,2715.806396,500836
20-06-2017,2810,2827.949951,2806.5,2815.300049,2703.849365,274896
21-06-2017,2812,2828.100098,2790.5,2817.5,2705.962158,143712
22-06-2017,2817.5,2851,2807.350098,2845.699951,2733.045654,223966
23-06-2017,2850,2850.449951,2817,2824.300049,2712.49292,154968
27-06-2017,2828.449951,2829.149902,2761,2779.300049,2669.274414,322785
28-06-2017,2789,2801,2770.199951,2777.050049,2667.113525,284660
29-06-2017,2787.800049,2812,2779.25,2801.300049,2690.403564,224331
30-06-2017,2796,2799.699951,2764.449951,2791.199951,2680.703125,266443
03-07-2017,2769,2793.5,2750.550049,2789.350098,2678.926758,335713
04-07-2017,2790,2790,2755,2769.649902,2660.006348,331944
05-07-2017,2761.300049,2784.449951,2751,2771.25,2661.543213,251283
06-07-2017,2734,2741,2722.899902,2728.600098,2673.644287,488894
07-07-2017,2716,2733,2694.5,2708.25,2653.704102,290037
10-07-2017,2721.149902,2738.899902,2712.199951,2730.649902,2675.652832,20707
11-07-2017,2735.699951,2803,2735.699951,2792.75,2736.502197,393672
12-07-2017,2801,2818,2774.300049,2785.850098,2729.741211,288437
13-07-2017,2795,2806.75,2780.449951,2789.75,2733.562744,303857
14-07-2017,2800,2816.899902,2767.550049,2809.800049,2753.20874,150816
17-07-2017,2819.850098,2828.550049,2800,2821.25,2764.428223,134022
18-07-2017,2827.800049,2847.899902,2818,2831.75,2774.716797,195878
19-07-2017,2834,2835,2802.399902,2823.699951,2766.828857,247730
20-07-2017,2823.399902,2855.850098,2800.100098,2818.600098,2761.831787,675692
21-07-2017,2818.600098,2840.699951,2806.350098,2815.800049,2759.087891,319397
24-07-2017,2815,2834.949951,2802.199951,2826.75,2769.817383,204810
25-07-2017,2840,2862.399902,2819.25,2847.699951,2790.345459,220402
26-07-2017,2846,2852.800049,2829.199951,2841.350098,2784.123535,252553
27-07-2017,2849.5,2869.100098,2825.050049,2840.300049,2783.094482,306789
28-07-2017,2810,2867,2804.449951,2828.149902,2771.189209,136729
31-07-2017,2845,2845,2785,2808.550049,2751.984131,173664
01-08-2017,2812,2830.5,2798.050049,2823.399902,2766.534912,190726
02-08-2017,2789.949951,2817.699951,2786,2802.899902,2746.447754,298840
03-08-2017,2805,2838.699951,2800.050049,2834.25,2777.16626,325945
04-08-2017,2824,2900,2811.149902,2874.649902,2816.752686,257208
07-08-2017,2875,2903.550049,2868.350098,2889.25,2831.058594,169287
08-08-2017,2890,2981,2876,2911.600098,2852.958496,763401
09-08-2017,2919.5,2929.050049,2807.100098,2831.149902,2774.128662,305248
10-08-2017,2818,2831.149902,2761,2796.199951,2739.882568,497306
11-08-2017,2780,2798.449951,2750,2788.199951,2732.043701,321890
14-08-2017,2798,2841.800049,2786,2831.600098,2774.569824,165120
16-08-2017,2832,2861,2810.050049,2849.199951,2791.815186,129201
17-08-2017,2850,2868.100098,2816,2825.850098,2768.935547,152160
18-08-2017,2817.800049,2824.300049,2791,2811.350098,2754.727783,128913
21-08-2017,2811,2820,2760.100098,2766.5,2710.781006,77884
22-08-2017,2779.899902,2779.899902,2731.550049,2740.550049,2685.353516,80340
23-08-2017,2757,2769.899902,2720.050049,2754.649902,2699.169434,117188
24-08-2017,2764.300049,2764.300049,2710.100098,2728.550049,2673.595215,213909
28-08-2017,2740,2753.199951,2704,2742.050049,2686.823486,227147
29-08-2017,2740,2751.199951,2715,2726.600098,2671.68457,175171
30-08-2017,2735,2766.949951,2735,2750.550049,2695.1521,147597
31-08-2017,2760,2828.449951,2731.350098,2814.5,2757.814209,508660
01-09-2017,2827.899902,2935,2827.899902,2916.350098,2857.613037,722050
04-09-2017,2916,2933.600098,2889.949951,2915.149902,2856.437012,345756
05-09-2017,2927,2969.699951,2905.050049,2950.699951,2891.270996,353285
06-09-2017,2938,2939,2900.050049,2920.550049,2861.728271,171348
07-09-2017,2940,2977,2900.949951,2965.449951,2905.723877,292925
08-09-2017,2952,2984.5,2906.199951,2915.449951,2856.730957,177449
11-09-2017,2940,2948,2910,2929.600098,2870.595947,153148
12-09-2017,2939,2946.949951,2915,2935.75,2876.62207,139203
13-09-2017,2929,2974,2920,2934.949951,2875.838135,168435
14-09-2017,2945,2956.949951,2916.050049,2928.350098,2869.371338,128663
15-09-2017,2918,3036.050049,2901.5,3025.600098,2964.662598,578878
18-09-2017,3045.100098,3149,3045.100098,3137.399902,3074.210693,719616
19-09-2017,3138,3155.050049,3108.300049,3115.449951,3052.702881,232404
20-09-2017,3115,3119.699951,3084.199951,3090.550049,3028.304443,179312
21-09-2017,3090.550049,3135,3068.649902,3078.850098,3016.840088,339952
22-09-2017,3064,3084.649902,3008.050049,3042.449951,2981.173096,277811
25-09-2017,3058.399902,3058.399902,3004.800049,3044.100098,2982.790039,412640
26-09-2017,3032,3058,3030,3044.899902,2983.57373,210821
27-09-2017,3055.199951,3066,3007,3031.25,2970.19873,271027
28-09-2017,3034,3056,3019.050049,3039.449951,2978.233398,324106
29-09-2017,3064,3138.600098,3051.149902,3109.399902,3046.774658,368325
03-10-2017,3186,3212.949951,3145.649902,3162.199951,3098.51123,481726
04-10-2017,3152.449951,3209,3129.100098,3173.5,3109.58374,203556
05-10-2017,3175,3190,3121.300049,3130.800049,3067.743652,131961
06-10-2017,3145.100098,3154.75,3131,3141.550049,3078.2771,125550
09-10-2017,3138,3151.899902,3118,3125.449951,3062.501465,113070
10-10-2017,3142.899902,3142.899902,3105.649902,3134.699951,3071.564941,213575
11-10-2017,3134.699951,3216.899902,3106,3143.899902,3080.579834,432980
12-10-2017,3169.949951,3173.5,3117,3155.899902,3092.338135,311670
13-10-2017,3164,3180,3136,3160.850098,3097.188477,255125
16-10-2017,3175,3239,3170.100098,3224.800049,3159.850586,255885
17-10-2017,3235,3315,3218.649902,3259.949951,3194.29248,920067
18-10-2017,3249.949951,3265,3208.199951,3226.800049,3161.810303,288969
19-10-2017,3231.899902,3240.649902,3198.100098,3217.949951,3153.138428,60297
23-10-2017,3192,3229,3158,3217.649902,3152.844238,300953
24-10-2017,3210.550049,3229,3195.25,3210.050049,3145.397461,166189
25-10-2017,3264,3264,3219.550049,3232.25,3167.150391,123563
26-10-2017,3233.899902,3295,3211.75,3283.399902,3217.27002,185904
27-10-2017,3300,3344.899902,3275.699951,3300.149902,3233.682861,277293
30-10-2017,3310.699951,3323.899902,3275,3282.199951,3216.094238,139317
31-10-2017,3270.050049,3296,3250.449951,3257.100098,3191.5,195420
01-11-2017,3270,3293.949951,3229.850098,3239.75,3174.499268,282258
02-11-2017,3277,3278,3216.550049,3241.100098,3175.822266,199530
03-11-2017,3228,3254,3211,3217.449951,3152.648438,183308
06-11-2017,3211,3244.5,3199,3209.850098,3145.20166,154249
07-11-2017,3239,3239,3146.050049,3161.649902,3097.972168,281480
08-11-2017,3174.899902,3211.149902,3162.800049,3189.050049,3124.820557,250148
09-11-2017,3197.949951,3216.899902,3192.050049,3200,3135.549805,267945
10-11-2017,3200,3275,3181.449951,3253.350098,3187.825439,416184
13-11-2017,3268,3282.699951,3215.100098,3223,3158.08667,246148
14-11-2017,3239.699951,3287.100098,3203.100098,3266.550049,3200.759521,230037
15-11-2017,3260,3282,3207.25,3212.949951,3148.239014,165929
16-11-2017,3225,3250,3187.550049,3208.850098,3144.22168,159508
17-11-2017,3230,3246.449951,3193.25,3206.850098,3142.261963,247099
20-11-2017,3200,3255,3200,3242,3176.704102,209888
21-11-2017,3254.699951,3307,3251,3300.25,3233.780762,218921
22-11-2017,3316.949951,3348,3307.100098,3313.199951,3246.469971,304485
23-11-2017,3324,3329.600098,3250,3264.649902,3198.897705,149829
24-11-2017,3310,3327.899902,3278.949951,3288.300049,3222.071533,336075
27-11-2017,3289,3289,3255.75,3271.399902,3205.511719,208372
28-11-2017,3275,3307.800049,3261.100098,3289.149902,3222.904297,231860
29-11-2017,3301,3330.949951,3294,3315.899902,3249.115479,287207
30-11-2017,3304.449951,3373.800049,3285.850098,3305.5,3238.925049,489763
01-12-2017,3338,3339.300049,3202.199951,3216.899902,3152.109375,438600
04-12-2017,3246.899902,3247,3182.800049,3198.699951,3134.276123,177911
05-12-2017,3197.699951,3197.699951,3145.550049,3163.899902,3100.177002,272147
06-12-2017,3155,3155,3102.649902,3109.550049,3046.921631,212605
07-12-2017,3110.649902,3208.899902,3110.649902,3196.050049,3131.679443,292357
08-12-2017,3235.699951,3239.949951,3200,3212.649902,3147.945068,268936
11-12-2017,3216.100098,3237.350098,3173.800049,3210.850098,3146.181396,175534
12-12-2017,3210.350098,3210.850098,3156,3165.699951,3101.940674,219008
13-12-2017,3160,3196,3132,3151.300049,3087.830811,240391
14-12-2017,3160,3171,3133.199951,3162.800049,3099.099121,168975
15-12-2017,3188,3265,3163.699951,3198.800049,3134.374023,679114
18-12-2017,3179.899902,3240.949951,3038.899902,3226.75,3161.76123,315433
19-12-2017,3235,3330.800049,3230.149902,3319.800049,3252.937012,423748
20-12-2017,3318.850098,3340,3269.050049,3301.199951,3234.71167,261149
21-12-2017,3300,3320,3278,3289.449951,3223.198242,130594
22-12-2017,3277,3358.050049,3255.550049,3328.949951,3261.902832,307746
26-12-2017,3350,3385,3312.449951,3369,3301.14624,301225
27-12-2017,3385,3385,3320,3339.050049,3271.799316,206665
28-12-2017,3327,3343.949951,3280,3295.149902,3228.783447,251949
29-12-2017,3295,3341,3285.5,3333.600098,3266.459229,165478
01-01-2018,3340,3345.050049,3276.399902,3289.25,3223.002441,174560
02-01-2018,3309,3348,3280,3294.75,3228.391602,297721
03-01-2018,3310,3310.199951,3231.550049,3241.050049,3175.773193,372267
04-01-2018,3244,3274.25,3219,3264.449951,3198.701904,256909
05-01-2018,3263,3294,3244.050049,3279.850098,3213.791748,113508
08-01-2018,3285.100098,3296.699951,3265.25,3275.75,3209.77417,120330
09-01-2018,3276,3284.5,3231.050049,3243.5,3178.173828,324363
10-01-2018,3228.25,3240,3200.199951,3207.399902,3142.800781,296961
11-01-2018,3210,3220.300049,3180.149902,3193.399902,3129.082764,324132
12-01-2018,3208.899902,3214,3152.25,3175.350098,3111.396484,193239
15-01-2018,3182.199951,3189,3154.5,3166,3102.234619,109156
16-01-2018,3176,3185,3140.050049,3160.050049,3096.404541,175692
17-01-2018,3158,3216.600098,3154.350098,3194.149902,3129.817627,224799
18-01-2018,3210,3241.899902,3191,3201.199951,3136.72583,282478
19-01-2018,3207.800049,3223.75,3173.449951,3210.399902,3145.740479,143928
22-01-2018,3200,3283,3200,3274.5,3208.549561,223845
23-01-2018,3280,3324,3272.050049,3295.949951,3229.567383,324780
24-01-2018,3295,3349.949951,3277.050049,3341.550049,3274.249023,402759
25-01-2018,3344,3345.899902,3295,3311.699951,3245.000244,246647
29-01-2018,3317,3377.949951,3293.550049,3363.899902,3296.148682,365342
30-01-2018,3373.949951,3404.949951,3341.100098,3358.300049,3290.661621,425678
31-01-2018,3348,3385.800049,3256.149902,3337.149902,3269.9375,275934
01-02-2018,3340,3421.199951,3290,3412.949951,3344.210938,439064
02-02-2018,3419,3468.350098,3166.949951,3241.300049,3176.018066,1269438
05-02-2018,3200,3233,3140.600098,3185.550049,3121.391113,585934
06-02-2018,3005,3157.949951,3005,3135.100098,3071.957031,270751
07-02-2018,3198.300049,3198.300049,3125.199951,3135.550049,3072.397949,223029
08-02-2018,3155,3189.949951,3131.899902,3157.949951,3094.34668,202895
09-02-2018,3129,3142.5,3080.850098,3099.25,3036.829102,175504
12-02-2018,3134,3162.899902,3082,3154.100098,3090.574463,239055
14-02-2018,3155,3159.949951,3100,3109.75,3047.117676,286070
15-02-2018,3125,3167.100098,3097.550049,3143.5,3080.187988,148715
16-02-2018,3158,3158,3095.550049,3103.899902,3041.385254,132450
19-02-2018,3110,3117.5,3010,3030.600098,2969.561768,219206
20-02-2018,3032,3070.5,3010.75,3049.850098,2988.424072,236222
21-02-2018,3080.899902,3081.550049,3003.100098,3012.600098,2951.924316,275688
22-02-2018,3014.800049,3014.800049,2966,2974.300049,2914.395752,369716
23-02-2018,2988,3007.949951,2960.100098,2986.399902,2926.251953,377558
26-02-2018,3004,3044,3000.899902,3008.699951,2948.102783,203189
27-02-2018,3040,3058,3022,3034.699951,2973.579102,325597
28-02-2018,3010,3056.649902,2990,3020.600098,2959.763184,519406
01-03-2018,3067.100098,3080,3008.050049,3020.899902,2960.057129,503301
05-03-2018,3020.899902,3020.899902,2931.75,2943.550049,2884.265137,287300
06-03-2018,2969.899902,2976.050049,2883.25,2899.199951,2840.808105,258501
07-03-2018,2898,2940,2875,2903.899902,2845.413574,185188
08-03-2018,2919.699951,2945,2891.100098,2923.899902,2865.010742,143854
09-03-2018,2934,2966.899902,2918.149902,2935.399902,2876.279053,205178
12-03-2018,2956,2966,2931,2957.75,2898.178955,246428
13-03-2018,2959,3004,2952.949951,2971.75,2911.896973,287288
14-03-2018,2963,2969,2936,2950.550049,2891.124023,225181
15-03-2018,2960,2971.899902,2936.5,2948.75,2889.360352,181457
16-03-2018,2940,2958,2890.350098,2910.449951,2851.831543,338593
19-03-2018,2913.550049,2920.850098,2842.649902,2849.449951,2792.060303,231927
20-03-2018,2843.899902,2888.25,2830.300049,2873,2815.135986,227109
21-03-2018,2889.949951,2890.449951,2835.350098,2851.800049,2794.363037,231405
22-03-2018,2851.899902,2873.75,2822,2834.949951,2777.852295,325295
23-03-2018,2814.899902,2817.25,2745,2789.949951,2733.758545,451122
26-03-2018,2788,2864.75,2732.050049,2848.649902,2791.276367,299008
27-03-2018,2861,2863.899902,2791,2798.300049,2741.94043,304403
28-03-2018,2775,2792.300049,2735.550049,2744.699951,2689.419922,680019
02-04-2018,2755,2815.949951,2749,2808.949951,2752.375977,396178
03-04-2018,2790,2829.899902,2785,2792,2735.767334,324121
04-04-2018,2807,2816,2746.25,2766,2710.291016,308672
05-04-2018,2790,2815.949951,2782.399902,2808.149902,2751.592041,341534
06-04-2018,2814.949951,2824.050049,2776.25,2786.399902,2730.280029,282872
09-04-2018,2788,2803.949951,2767.350098,2772.449951,2716.611084,270316
10-04-2018,2790,2799,2762.449951,2766.449951,2710.731934,298049
11-04-2018,2775,2780,2751,2755.550049,2700.051514,275482
12-04-2018,2777,2780,2757,2763.199951,2707.547363,349414
13-04-2018,2769.449951,2806,2759.25,2786.199951,2730.083984,400416
16-04-2018,2783.699951,2841.449951,2776.100098,2838.300049,2781.134766,479220
17-04-2018,2845,2875.300049,2840,2864.199951,2806.513184,562666
18-04-2018,2879,2879,2845.699951,2862.050049,2804.406494,352687
19-04-2018,2865,2865,2841.149902,2857.949951,2800.388916,283973
20-04-2018,2853.800049,2870.050049,2801.050049,2852.699951,2795.244629,466032
23-04-2018,2852.800049,2880,2820,2852.149902,2794.705811,235602
24-04-2018,2856.100098,2897.300049,2850,2886.800049,2828.657959,261691
25-04-2018,2885,2911.949951,2864.550049,2900.350098,2841.935059,319384
26-04-2018,2924,2924,2877,2884.949951,2826.845215,387123
27-04-2018,2890,2960,2890,2947.149902,2887.79248,365533
30-04-2018,2972.949951,2977.5,2928.850098,2952.600098,2893.132813,122656
02-05-2018,3019.649902,3043.399902,2950.050049,2965.949951,2906.213867,523589
03-05-2018,2994.949951,2994.949951,2951.100098,2975.199951,2915.277588,382125
04-05-2018,2985,2986,2885,2888.649902,2830.470703,266727
07-05-2018,2894,2942.949951,2890.649902,2915.300049,2856.583984,235635
08-05-2018,2915,2929.800049,2886,2892.25,2833.998291,132638
09-05-2018,2890,2904.699951,2865.100098,2872,2814.156006,155763
10-05-2018,2882,2894.949951,2820.050049,2827.5,2770.552246,222907
11-05-2018,2845,2845,2801,2815.449951,2758.744873,286976
14-05-2018,2830,2850,2792.5,2831.949951,2774.912598,142564
15-05-2018,2819,2877,2807.75,2823.649902,2766.779785,256661
16-05-2018,2813,2826.800049,2785.300049,2811.899902,2755.266357,262982
17-05-2018,2821,2830.100098,2787,2815.449951,2758.744873,162490
18-05-2018,2845,2915,2755.600098,2787.5,2731.35791,1811320
21-05-2018,2774.949951,2774.949951,2703.5,2720.550049,2665.756348,393470
22-05-2018,2730,2826,2725.050049,2808.5,2751.935059,512096
23-05-2018,2821.800049,2832.149902,2766,2774.949951,2719.060547,243631
24-05-2018,2770,2814.600098,2716.149902,2732.800049,2677.759766,275197
25-05-2018,2754.949951,2775.600098,2723,2758.5,2702.942139,298273
28-05-2018,2762,2812,2751,2790.149902,2733.95459,160044
29-05-2018,2805.899902,2834.949951,2761.649902,2796.050049,2739.73584,261407
30-05-2018,2794,2794,2757,2762.899902,2707.253418,345195
31-05-2018,2775,2784.949951,2734.100098,2750.300049,2694.907227,447005
01-06-2018,2780,2911.399902,2778.649902,2896.550049,2838.21167,1799352
04-06-2018,2890,2922.550049,2871.050049,2878.5,2820.525146,759197
05-06-2018,2878.5,2884.649902,2840,2847.550049,2790.198486,367916
06-06-2018,2850,2939.399902,2833.649902,2885.25,2827.13916,654288
07-06-2018,2891,2929,2862.550049,2888.600098,2830.421875,513700
08-06-2018,2888,2900.550049,2867,2874.050049,2816.164795,269022
11-06-2018,2886.649902,2913.949951,2873.800049,2881.100098,2823.072754,413241
12-06-2018,2886,2912.5,2870.050049,2887.25,2829.098877,539628
13-06-2018,2908,2934,2891.550049,2907.949951,2849.381836,362419
14-06-2018,2905,2910,2880.149902,2890.699951,2832.479492,333925
15-06-2018,2893.449951,2904,2853,2877.149902,2819.202148,370164
18-06-2018,2880,2917.699951,2864.949951,2895.300049,2836.986816,427791
19-06-2018,2893,2893,2838.550049,2849.800049,2792.40332,523480
20-06-2018,2855.149902,2879,2855.149902,2869.649902,2811.853271,502478
21-06-2018,2873.050049,2877.949951,2822.699951,2830.100098,2773.100098,300367
22-06-2018,2825,2836.850098,2806,2832.199951,2775.157715,553549
25-06-2018,2839.800049,2839.800049,2795.199951,2801.300049,2744.880127,339572
26-06-2018,2805,2822.5,2785.550049,2811.949951,2755.31543,249490
27-06-2018,2822.949951,2822.949951,2758.199951,2765.449951,2709.751953,289628
28-06-2018,2760,2785,2705.399902,2716,2661.298096,417993
29-06-2018,2720.149902,2828,2720.149902,2810.300049,2753.69873,425210
02-07-2018,2815,2912,2815,2835.149902,2778.048096,1007694
03-07-2018,2842.949951,2882,2835,2862.399902,2804.749268,510764
04-07-2018,2869.949951,2989,2855.800049,2979.050049,2919.050049,845034
05-07-2018,2935,2985,2912.699951,2966.949951,2966.949951,752721
06-07-2018,2983,3078.25,2950,3020.100098,3020.100098,1511538
09-07-2018,3066.600098,3083,2996.600098,3018.149902,3018.149902,643119
10-07-2018,3049,3114.949951,3030,3093.949951,3093.949951,959927
11-07-2018,3078,3174.949951,3057.050049,3161.600098,3161.600098,1155857
12-07-2018,3194.899902,3194.949951,3070,3096.699951,3096.699951,932430
13-07-2018,3123,3156.949951,3058,3138.649902,3138.649902,852168
16-07-2018,3137,3165,3090.949951,3101.850098,3101.850098,374574
17-07-2018,3107.100098,3125.949951,3085,3094.199951,3094.199951,563857
18-07-2018,3104,3160.850098,3101,3107.800049,3107.800049,658396
19-07-2018,3107.800049,3144.399902,3100,3115,3115,755100
20-07-2018,3130,3153.800049,2816.449951,2839.600098,2839.600098,4976986
23-07-2018,2839.949951,2841.600098,2655,2684.149902,2684.149902,2974676
24-07-2018,2691,2725,2615,2648.649902,2648.649902,2843387
25-07-2018,2670,2698.300049,2626,2638.600098,2638.600098,1114670
26-07-2018,2646,2666.949951,2605,2618.5,2618.5,1256232
27-07-2018,2637,2697,2630,2686.75,2686.75,958294
30-07-2018,2686.949951,2699,2655.5,2673.149902,2673.149902,546935
31-07-2018,2678,2715,2661.199951,2700.050049,2700.050049,721932
01-08-2018,2717,2768,2664.100098,2680.899902,2680.899902,1408788
02-08-2018,2680,2699.550049,2631.050049,2678.600098,2678.600098,617961
03-08-2018,2688,2700,2675.399902,2690.449951,2690.449951,343259
06-08-2018,2696,2716,2675.199951,2687.899902,2687.899902,352383
07-08-2018,2700,2708.350098,2681.550049,2686.600098,2686.600098,272507
08-08-2018,2696,2700,2653.75,2660.600098,2660.600098,391732
09-08-2018,2665,2686.850098,2641.050049,2658.600098,2658.600098,448329
10-08-2018,2667.850098,2677.199951,2620,2629.699951,2629.699951,417567
13-08-2018,2628.899902,2658,2606,2630.850098,2630.850098,418212
14-08-2018,2640,2656.75,2633.800049,2646.399902,2646.399902,227189
16-08-2018,2640,2678,2630,2667.5,2667.5,654766
17-08-2018,2671,2677.949951,2641,2661.350098,2661.350098,331427
20-08-2018,2674,2746.600098,2664.199951,2735.350098,2735.350098,580539
21-08-2018,2750,2770,2718.600098,2728.5,2728.5,463379
23-08-2018,2740,2740,2675.199951,2685.550049,2685.550049,442939
24-08-2018,2683.899902,2697,2664,2682.25,2682.25,551229
27-08-2018,2691.899902,2708,2675,2697.600098,2697.600098,270591
28-08-2018,2701,2705,2671.100098,2684.399902,2684.399902,358078
29-08-2018,2690,2702,2680,2689.100098,2689.100098,296377
30-08-2018,2700,2722.5,2683.449951,2701.649902,2701.649902,582960
31-08-2018,2720,2755,2705.800049,2744.850098,2744.850098,512215
03-09-2018,2765,2807.699951,2750,2771.899902,2771.899902,876984
04-09-2018,2779.949951,2785,2726.550049,2735.550049,2735.550049,549748
05-09-2018,2726,2780.050049,2725.649902,2772.300049,2772.300049,461142
06-09-2018,2782,2808,2772,2783.100098,2783.100098,636038
07-09-2018,2843.949951,2932,2831.050049,2923.550049,2923.550049,1417855
10-09-2018,2924,2949,2850.100098,2868.600098,2868.600098,1050199
11-09-2018,2875,2905,2825.399902,2833.699951,2833.699951,595570
12-09-2018,2836,2886.699951,2811.5,2867.949951,2867.949951,448143
14-09-2018,2885,2909.899902,2865.5,2877.5,2877.5,393663
17-09-2018,2864,2879.899902,2840.050049,2860.649902,2860.649902,133182
18-09-2018,2850,2869,2762.25,2773.800049,2773.800049,409367
19-09-2018,2778,2829.949951,2775,2790.100098,2790.100098,327618
21-09-2018,2806,2843,2673,2799.199951,2799.199951,466306
24-09-2018,2800,2813.699951,2750,2759.300049,2759.300049,485510
25-09-2018,2727.100098,2801.850098,2727.100098,2788.699951,2788.699951,348703
26-09-2018,2796.5,2808.75,2743.600098,2773.300049,2773.300049,494874
27-09-2018,2773.399902,2826,2758.399902,2783.550049,2783.550049,565518
28-09-2018,2798,2807.949951,2636,2687.449951,2687.449951,892679
01-10-2018,2687,2745,2619.600098,2730.100098,2730.100098,610220
03-10-2018,2735,2769.899902,2702,2731.399902,2731.399902,504580
04-10-2018,2687,2719.5,2626.25,2657,2657,638156
05-10-2018,2635,2635,2520,2543.050049,2543.050049,947343
08-10-2018,2526.050049,2604.100098,2501.25,2584.100098,2584.100098,667297
09-10-2018,2590,2590.050049,2530.300049,2548.850098,2548.850098,309578
10-10-2018,2560,2628.899902,2556,2581.800049,2581.800049,699121
11-10-2018,2540,2555.899902,2505.449951,2525.800049,2525.800049,386992
12-10-2018,2549.5,2648.949951,2530.100098,2623.050049,2623.050049,510424
15-10-2018,2644,2647.399902,2576.100098,2620.449951,2620.449951,176677
16-10-2018,2638,2648,2605,2610.5,2610.5,257469
17-10-2018,2638,2649.649902,2538,2547.800049,2547.800049,285116
19-10-2018,2535.25,2542.850098,2480,2510.25,2510.25,470172
22-10-2018,2530.100098,2574.699951,2496.699951,2556.899902,2556.899902,321452
23-10-2018,2540,2598.699951,2526,2586.5,2586.5,342563
24-10-2018,2615,2619.899902,2456.600098,2475.149902,2475.149902,1669762
25-10-2018,2455,2498.699951,2420,2477.550049,2477.550049,913688
26-10-2018,2483,2533.600098,2446.699951,2513.75,2513.75,498124
29-10-2018,2533,2558.350098,2474.25,2549.100098,2549.100098,388894
30-10-2018,2554,2583,2532.899902,2556.25,2556.25,270336
31-10-2018,2550,2614,2486.149902,2593.699951,2593.699951,552796
01-11-2018,2613.100098,2619,2568.050049,2598.850098,2598.850098,356883
02-11-2018,2620,2700,2620,2657.75,2657.75,769311
05-11-2018,2670,2687.449951,2622.550049,2672.550049,2672.550049,222067
06-11-2018,2673.199951,2698,2658.949951,2674.600098,2674.600098,278587
07-11-2018,2694,2695,2681.149902,2692.550049,2692.550049,38824
09-11-2018,2680,2745,2673.5,2693.050049,2693.050049,344335
12-11-2018,2700,2726,2640.949951,2652.300049,2652.300049,272808
13-11-2018,2649,2673.399902,2613,2665.5,2665.5,305892
14-11-2018,2675,2714.899902,2652,2676.5,2676.5,302299
15-11-2018,2681,2699,2661.100098,2668.850098,2668.850098,240745
16-11-2018,2680,2705.899902,2675.149902,2695.350098,2695.350098,317881
19-11-2018,2704,2708,2670,2679.649902,2679.649902,209883
20-11-2018,2679.649902,2679.649902,2655,2666.5,2666.5,146989
21-11-2018,2673,2673,2591.100098,2604.649902,2604.649902,381149
22-11-2018,2600,2624,2580.800049,2590.350098,2590.350098,373650
26-11-2018,2606,2662.899902,2576,2649.5,2649.5,376778
27-11-2018,2642,2643.949951,2570.899902,2599.649902,2599.649902,437591
28-11-2018,2612,2625,2584,2603.899902,2603.899902,285713
29-11-2018,2633,2737,2602.050049,2724,2724,763933
30-11-2018,2721,2769.699951,2702,2745.699951,2745.699951,690175
03-12-2018,2760,2764.949951,2714,2736,2736,386060
04-12-2018,2740.100098,2790,2726.25,2763.850098,2763.850098,395469
05-12-2018,2759,2774.5,2731.100098,2764.100098,2764.100098,178352
06-12-2018,2740,2799.399902,2705.850098,2718.100098,2718.100098,468440
07-12-2018,2722,2793,2716.300049,2786.199951,2786.199951,417465
10-12-2018,2713,2769.949951,2702.800049,2725.100098,2725.100098,274974
11-12-2018,2710,2760,2685,2739.600098,2739.600098,370479
12-12-2018,2742,2858,2738.649902,2848.399902,2848.399902,552031
13-12-2018,2860,2885.649902,2821.699951,2836.100098,2836.100098,466453
14-12-2018,2836,2837.350098,2785.199951,2823.149902,2823.149902,465457
17-12-2018,2833,2853,2826.100098,2840.949951,2840.949951,225455
18-12-2018,2840,2873.800049,2822.050049,2840.899902,2840.899902,443162
19-12-2018,2853.899902,2882,2845.050049,2863,2863,393269
20-12-2018,2855,2900,2832,2887.199951,2887.199951,288162
21-12-2018,2897,2905,2801,2808.449951,2808.449951,386367
24-12-2018,2825.5,2832.699951,2715.850098,2724.649902,2724.649902,348337
26-12-2018,2713.699951,2749.800049,2670,2734.600098,2734.600098,410582
27-12-2018,2763.899902,2764,2696.600098,2737,2737,558049
28-12-2018,2753.899902,2759.949951,2711.75,2717.5,2717.5,358369
31-12-2018,2738,2763,2710,2720.149902,2720.149902,406069
01-01-2019,2735,2743.399902,2705,2726.649902,2726.649902,304150
02-01-2019,2720,2747.25,2677,2692,2692,599274
03-01-2019,2690.100098,2723.850098,2682.100098,2701.350098,2701.350098,310511
04-01-2019,2714,2742,2702.100098,2734.199951,2734.199951,362393
07-01-2019,2739.899902,2740,2645,2658.550049,2658.550049,462215
08-01-2019,2667,2700,2635.5,2694.850098,2694.850098,486654
09-01-2019,2702.5,2710,2672.5,2696.899902,2696.899902,285560
10-01-2019,2700,2729,2680,2725.300049,2725.300049,277585
11-01-2019,2728,2738.699951,2700.850098,2720.949951,2720.949951,259834
14-01-2019,2718,2747.199951,2676.449951,2699.149902,2699.149902,170937
15-01-2019,2705,2734.800049,2705,2725.850098,2725.850098,169721
16-01-2019,2736,2736,2706,2717.449951,2717.449951,218357
17-01-2019,2722,2739.800049,2700.800049,2729.649902,2729.649902,230784
18-01-2019,2741,2746.5,2696.649902,2720.75,2720.75,269686
21-01-2019,2724.75,2724.75,2670,2684.600098,2684.600098,303893
22-01-2019,2685,2695,2650.100098,2688.350098,2688.350098,273441
23-01-2019,2699,2699,2665.100098,2674.100098,2674.100098,205104
24-01-2019,2684,2684,2635,2651.649902,2651.649902,183566
25-01-2019,2622.300049,2672,2614.050049,2626.350098,2626.350098,304062
28-01-2019,2629.949951,2634,2545,2565.550049,2565.550049,332409
29-01-2019,2563,2597.149902,2522.449951,2567.649902,2567.649902,424856
30-01-2019,2571,2653.350098,2485,2499.699951,2499.699951,2450943
31-01-2019,2501.149902,2570,2461.100098,2554.550049,2554.550049,1102133
01-02-2019,2560,2670,2543,2602.75,2602.75,1028186
04-02-2019,2610,2672.399902,2565.449951,2642.5,2642.5,817279
05-02-2019,2647,2720,2645,2710.649902,2710.649902,469085
06-02-2019,2715,2785,2714.149902,2770.149902,2770.149902,495030
07-02-2019,2785,2872,2772.149902,2853.600098,2853.600098,983573
08-02-2019,2852,2879.100098,2831.199951,2851.399902,2851.399902,1004870
11-02-2019,2850,2870,2819.050049,2853.600098,2853.600098,712787
12-02-2019,2845.600098,2854,2819.5,2832.350098,2832.350098,280913
14-02-2019,2820,2875,2811.25,2823.100098,2823.100098,372416
15-02-2019,2825.149902,2850,2805.050049,2825.949951,2825.949951,867192
18-02-2019,2830,2835,2767.800049,2793.5,2793.5,296237
19-02-2019,2801,2825,2777.5,2787.850098,2787.850098,185862
20-02-2019,2788,2798,2737.25,2774.699951,2774.699951,428139
21-02-2019,2770,2829.899902,2751.699951,2813.949951,2813.949951,281964
22-02-2019,2825,2847,2801.850098,2816.850098,2816.850098,431535
25-02-2019,2817,2854.699951,2816.899902,2847.550049,2847.550049,322524
26-02-2019,2834,2870,2812,2859.300049,2859.300049,369292
27-02-2019,2870,2941,2870,2914.699951,2914.699951,861033
28-02-2019,2930,2933.800049,2864,2900.600098,2900.600098,1246854
01-03-2019,2914,2943,2856.199951,2863.5,2863.5,1008494
05-03-2019,2835.050049,2917.399902,2814.800049,2903.75,2903.75,632301
06-03-2019,2895.649902,2942,2876.25,2927.600098,2927.600098,748391
07-03-2019,2927,2927,2900,2919.899902,2919.899902,392086
08-03-2019,2910,2964.600098,2900.050049,2955.699951,2955.699951,754427
11-03-2019,2970,3012,2936.899902,3000.550049,3000.550049,1147194
12-03-2019,3012,3020.800049,2981.350098,2996.100098,2996.100098,503545
13-03-2019,3002,3047.199951,2990,3010,3010,565499
14-03-2019,3012,3025,2970,3016.850098,3016.850098,985558
15-03-2019,3002.100098,3032.199951,2980,3023.800049,3023.800049,538508
18-03-2019,3026.899902,3047.800049,2992.100098,3005.149902,3005.149902,341148
19-03-2019,3008,3008,2945,2974.699951,2974.699951,545621
20-03-2019,2969.800049,2969.800049,2920.050049,2949.649902,2949.649902,834351
22-03-2019,2960,2998.850098,2930.050049,2949.75,2949.75,622630
25-03-2019,2934.800049,2965.600098,2915.25,2957.949951,2957.949951,319510
26-03-2019,2961.050049,2968,2939,2952.800049,2952.800049,322020
27-03-2019,2965,2995,2950,2980.100098,2980.100098,402423
28-03-2019,2989,3020.449951,2915,2948.800049,2948.800049,1800550
01-04-2019,2947.949951,2950,2901.5,2915.649902,2915.649902,679984
02-04-2019,2918,2938.350098,2842,2853.100098,2853.100098,938624
03-04-2019,2860,2877.100098,2831,2847.300049,2847.300049,484790
04-04-2019,2862,2884.050049,2850,2859.100098,2859.100098,662281
05-04-2019,2869.649902,2880,2852.25,2861.649902,2861.649902,272382
08-04-2019,2876,2876,2842,2853.350098,2853.350098,213351
09-04-2019,2860,2929.850098,2838,2924.800049,2924.800049,492843
10-04-2019,2917.949951,2952,2910.350098,2942.899902,2942.899902,530788
11-04-2019,2940.899902,3000,2939,2993.699951,2993.699951,400118
12-04-2019,2991.800049,3025.949951,2975.25,3008.149902,3008.149902,438822
15-04-2019,3013,3046,2992,3035.050049,3035.050049,271376
16-04-2019,3045,3074.899902,3032.199951,3068.449951,3068.449951,371767
18-04-2019,3069,3089.899902,3041.199951,3069.5,3069.5,365773
